<?xml version="1.0" encoding="UTF-8"?>
<GenRun Id="impl_1" LaunchPart="xc7vx690tffg1761-2" LaunchTime="1678408282">
  <File Type="ROUTE-PWR" Name="encoder_power_routed.rpt"/>
  <File Type="PA-TCL" Name="encoder.tcl"/>
  <File Type="ROUTE-PWR-SUM" Name="encoder_power_summary_routed.pb"/>
  <File Type="REPORTS-TCL" Name="encoder_reports.tcl"/>
  <File Type="BITSTR-MSK" Name="encoder.msk"/>
  <File Type="ROUTE-CLK" Name="encoder_clock_utilization_routed.rpt"/>
  <File Type="RDI-RDI" Name="encoder.vdi"/>
  <File Type="BG-BIT" Name="encoder.bit"/>
  <File Type="BG-DRC" Name="encoder.drc"/>
  <File Type="BG-BGN" Name="encoder.bgn"/>
  <File Type="BG-BIN" Name="encoder.bin"/>
  <File Type="BITSTR-RBT" Name="encoder.rbt"/>
  <File Type="BITSTR-NKY" Name="encoder.nky"/>
  <File Type="BITSTR-BMM" Name="encoder_bd.bmm"/>
  <File Type="ROUTE-METHODOLOGY-DRC" Name="encoder_methodology_drc_routed.rpt"/>
  <File Type="BITSTR-MMI" Name="encoder.mmi"/>
  <File Type="BITSTR-SYSDEF" Name="encoder.sysdef"/>
  <File Type="BITSTR-LTX" Name="debug_nets.ltx"/>
  <File Type="BITSTR-LTX" Name="encoder.ltx"/>
  <File Type="WBT-USG" Name="usage_statistics_webtalk.html"/>
  <File Type="OPT-DRC" Name="encoder_drc_opted.rpt"/>
  <File Type="OPT-HWDEF" Name="encoder.hwdef"/>
  <File Type="PLACE-IO" Name="encoder_io_placed.rpt"/>
  <File Type="PLACE-UTIL" Name="encoder_utilization_placed.rpt"/>
  <File Type="PLACE-UTIL-PB" Name="encoder_utilization_placed.pb"/>
  <File Type="PLACE-CTRL" Name="encoder_control_sets_placed.rpt"/>
  <File Type="PLACE-PRE-SIMILARITY" Name="encoder_incremental_reuse_pre_placed.rpt"/>
  <File Type="ROUTE-DRC" Name="encoder_drc_routed.rpt"/>
  <File Type="ROUTE-DRC-PB" Name="encoder_drc_routed.pb"/>
  <File Type="ROUTE-PWR-RPX" Name="encoder_power_routed.rpx"/>
  <File Type="ROUTE-STATUS" Name="encoder_route_status.rpt"/>
  <File Type="ROUTE-STATUS-PB" Name="encoder_route_status.pb"/>
  <File Type="ROUTE-DCP" Name="encoder_routed.dcp"/>
  <File Type="ROUTE-ERROR-DCP" Name="encoder_routed_error.dcp"/>
  <File Type="ROUTE-BLACKBOX-DCP" Name="encoder_routed_bb.dcp"/>
  <File Type="ROUTE-TIMINGSUMMARY" Name="encoder_timing_summary_routed.rpt"/>
  <File Type="ROUTE-TIMING-PB" Name="encoder_timing_summary_routed.pb"/>
  <File Type="ROUTE-TIMING-RPX" Name="encoder_timing_summary_routed.rpx"/>
  <File Type="ROUTE-BUS-SKEW" Name="encoder_bus_skew_routed.rpt"/>
  <File Type="ROUTE-BUS-SKEW-PB" Name="encoder_bus_skew_routed.pb"/>
  <File Type="ROUTE-BUS-SKEW-RPX" Name="encoder_bus_skew_routed.rpx"/>
  <File Type="OPT-DCP" Name="encoder_opt.dcp"/>
  <File Type="PLACE-DCP" Name="encoder_placed.dcp"/>
  <File Type="PWROPT-DCP" Name="encoder_pwropt.dcp"/>
  <File Type="POSTPLACE-PWROPT-DCP" Name="encoder_postplace_pwropt.dcp"/>
  <File Type="PHYSOPT-DCP" Name="encoder_physopt.dcp"/>
  <File Type="POSTROUTE-PHYSOPT-DCP" Name="encoder_postroute_physopt.dcp"/>
  <File Type="POSTROUTE-PHYSOPT-BLACKBOX-DCP" Name="encoder_postroute_physopt_bb.dcp"/>
  <File Type="ROUTE-METHODOLOGY-DRC-PB" Name="encoder_methodology_drc_routed.pb"/>
  <File Type="ROUTE-DRC-RPX" Name="encoder_drc_routed.rpx"/>
  <File Type="ROUTE-METHODOLOGY-DRC-RPX" Name="encoder_methodology_drc_routed.rpx"/>
  <File Type="PDI-FILE" Name="encoder.pdi"/>
  <File Type="RCFI_FILE" Name="encoder.rcfi"/>
  <File Type="CFI_FILE" Name="encoder.cfi"/>
  <File Type="RNPI_FILE" Name="encoder.rnpi"/>
  <File Type="NPI_FILE" Name="encoder.npi"/>
  <File Type="RBD_FILE" Name="encoder.rbd"/>
  <FileSet Name="sources" Type="DesignSrcs" RelSrcDir="$PSRCDIR/sources_1">
    <Filter Type="Srcs"/>
    <File Path="$PSRCDIR/sources_1/new/rams_tdp_rf_rf.v">
      <FileInfo>
        <Attr Name="ImportPath" Val="$PPRDIR/../../../../../../../../encoderOptimized/encoderOptimized.srcs/sources_1/new/rams_tdp_rf_rf.v"/>
        <Attr Name="ImportTime" Val="1678211244"/>
        <Attr Name="UsedIn" Val="synthesis"/>
        <Attr Name="UsedIn" Val="implementation"/>
        <Attr Name="UsedIn" Val="simulation"/>
      </FileInfo>
    </File>
    <File Path="$PSRCDIR/sources_1/imports/stlp/encoder_reuse_1_handwritten/encoder_reuse_1_handwritten.srcs/sources_1/new/data16_10.sv">
      <FileInfo>
        <Attr Name="ImportPath" Val="$PPRDIR/../../../../../../../../encoder_reuse_1_handwritten/encoder_reuse_1_handwritten.srcs/sources_1/new/data16_10.sv"/>
        <Attr Name="ImportTime" Val="1675540765"/>
        <Attr Name="UsedIn" Val="synthesis"/>
        <Attr Name="UsedIn" Val="implementation"/>
        <Attr Name="UsedIn" Val="simulation"/>
      </FileInfo>
    </File>
    <File Path="$PSRCDIR/sources_1/new/denseOptimized.sv">
      <FileInfo>
        <Attr Name="ImportPath" Val="$PPRDIR/../../../../../../../../encoderOptimized/encoderOptimized.srcs/sources_1/new/denseOptimized.sv"/>
        <Attr Name="ImportTime" Val="1678386514"/>
        <Attr Name="UsedIn" Val="synthesis"/>
        <Attr Name="UsedIn" Val="implementation"/>
        <Attr Name="UsedIn" Val="simulation"/>
      </FileInfo>
    </File>
    <File Path="$PSRCDIR/sources_1/new/ramConnector.sv">
      <FileInfo>
        <Attr Name="ImportPath" Val="$PPRDIR/../../../../../../../../encoderOptimized/encoderOptimized.srcs/sources_1/new/ramConnector.sv"/>
        <Attr Name="ImportTime" Val="1678386647"/>
        <Attr Name="UsedIn" Val="synthesis"/>
        <Attr Name="UsedIn" Val="implementation"/>
        <Attr Name="UsedIn" Val="simulation"/>
      </FileInfo>
    </File>
    <File Path="$PSRCDIR/sources_1/new/ramWriter.sv">
      <FileInfo>
        <Attr Name="ImportPath" Val="$PPRDIR/../../../../../../../../encoderOptimized/encoderOptimized.srcs/sources_1/new/ramWriter.sv"/>
        <Attr Name="ImportTime" Val="1678211786"/>
        <Attr Name="UsedIn" Val="synthesis"/>
        <Attr Name="UsedIn" Val="implementation"/>
        <Attr Name="UsedIn" Val="simulation"/>
      </FileInfo>
    </File>
    <File Path="$PSRCDIR/sources_1/new/readController.sv">
      <FileInfo>
        <Attr Name="ImportPath" Val="$PPRDIR/../../../../../../../../encoderOptimized/encoderOptimized.srcs/sources_1/new/readController.sv"/>
        <Attr Name="ImportTime" Val="1678211240"/>
        <Attr Name="UsedIn" Val="synthesis"/>
        <Attr Name="UsedIn" Val="implementation"/>
        <Attr Name="UsedIn" Val="simulation"/>
      </FileInfo>
    </File>
    <File Path="$PSRCDIR/sources_1/new/threeStageDense.sv">
      <FileInfo>
        <Attr Name="ImportPath" Val="$PPRDIR/../../../../../../../../encoderOptimized/encoderOptimized.srcs/sources_1/new/threeStageDense.sv"/>
        <Attr Name="ImportTime" Val="1678336995"/>
        <Attr Name="UsedIn" Val="synthesis"/>
        <Attr Name="UsedIn" Val="implementation"/>
        <Attr Name="UsedIn" Val="simulation"/>
      </FileInfo>
    </File>
    <File Path="$PSRCDIR/sources_1/new/encoder.sv">
      <FileInfo>
        <Attr Name="ImportPath" Val="$PPRDIR/../../../../../../../../encoderOptimized/encoderOptimized.srcs/sources_1/new/encoder.sv"/>
        <Attr Name="ImportTime" Val="1678394948"/>
        <Attr Name="UsedIn" Val="synthesis"/>
        <Attr Name="UsedIn" Val="implementation"/>
        <Attr Name="UsedIn" Val="simulation"/>
      </FileInfo>
    </File>
    <File Path="$PSRCDIR/sources_1/imports/stlp/Desktop/springQFiles/project_test srcs/adderTree_1D.sv">
      <FileInfo>
        <Attr Name="AutoDisabled" Val="1"/>
        <Attr Name="ImportPath" Val="$PPRDIR/../../../../../../../../Desktop/springQFiles/project_test srcs/adderTree_1D.sv"/>
        <Attr Name="ImportTime" Val="1653595662"/>
        <Attr Name="UsedIn" Val="synthesis"/>
        <Attr Name="UsedIn" Val="implementation"/>
        <Attr Name="UsedIn" Val="simulation"/>
      </FileInfo>
    </File>
    <File Path="$PSRCDIR/sources_1/imports/stlp/Desktop/springQFiles/project_test srcs/denseLatencyParameterized.sv">
      <FileInfo>
        <Attr Name="AutoDisabled" Val="1"/>
        <Attr Name="ImportPath" Val="$PPRDIR/../../../../../../../../Desktop/springQFiles/project_test srcs/denseLatencyParameterized.sv"/>
        <Attr Name="ImportTime" Val="1678239602"/>
        <Attr Name="UsedIn" Val="synthesis"/>
        <Attr Name="UsedIn" Val="implementation"/>
        <Attr Name="UsedIn" Val="simulation"/>
      </FileInfo>
    </File>
    <File Path="$PSRCDIR/sources_1/imports/stlp/Desktop/springQFiles/project_test srcs/sumOneColumnParameterized.sv">
      <FileInfo>
        <Attr Name="AutoDisabled" Val="1"/>
        <Attr Name="ImportPath" Val="$PPRDIR/../../../../../../../../Desktop/springQFiles/project_test srcs/sumOneColumnParameterized.sv"/>
        <Attr Name="ImportTime" Val="1678251588"/>
        <Attr Name="UsedIn" Val="synthesis"/>
        <Attr Name="UsedIn" Val="implementation"/>
        <Attr Name="UsedIn" Val="simulation"/>
      </FileInfo>
    </File>
    <File Path="$PSRCDIR/sources_1/bd/design_2/design_2.bd">
      <FileInfo>
        <Attr Name="AutoDisabled" Val="1"/>
        <Attr Name="ImportPath" Val="$PPRDIR/../../../../../../../../encoderOptimized/encoderOptimized.srcs/sources_1/bd/design_2/design_2.bd"/>
        <Attr Name="ImportTime" Val="1677524985"/>
        <Attr Name="UsedIn" Val="synthesis"/>
        <Attr Name="UsedIn" Val="implementation"/>
        <Attr Name="UsedIn" Val="simulation"/>
      </FileInfo>
    </File>
    <File Path="$PSRCDIR/sources_1/bd/design_1/design_1.bd">
      <FileInfo>
        <Attr Name="AutoDisabled" Val="1"/>
        <Attr Name="ImportPath" Val="$PPRDIR/../../../../../../../../encoderOptimized/encoderOptimized.srcs/sources_1/bd/design_1/design_1.bd"/>
        <Attr Name="ImportTime" Val="1677447442"/>
        <Attr Name="UsedIn" Val="synthesis"/>
        <Attr Name="UsedIn" Val="implementation"/>
        <Attr Name="UsedIn" Val="simulation"/>
      </FileInfo>
    </File>
    <File Path="$PSRCDIR/sources_1/bd/bram/bram.bd">
      <FileInfo>
        <Attr Name="AutoDisabled" Val="1"/>
        <Attr Name="ImportPath" Val="$PPRDIR/../../../../../../../../encoderOptimized/encoderOptimized.srcs/sources_1/bd/bram/bram.bd"/>
        <Attr Name="ImportTime" Val="1677451208"/>
        <Attr Name="UsedIn" Val="synthesis"/>
        <Attr Name="UsedIn" Val="implementation"/>
        <Attr Name="UsedIn" Val="simulation"/>
      </FileInfo>
    </File>
    <File Path="$PSRCDIR/sources_1/imports/stlp/Desktop/springQFiles/project_test srcs/shift_add_with_mult.sv">
      <FileInfo>
        <Attr Name="AutoDisabled" Val="1"/>
        <Attr Name="ImportPath" Val="$PPRDIR/../../../../../../../../Desktop/springQFiles/project_test srcs/shift_add_with_mult.sv"/>
        <Attr Name="ImportTime" Val="1675804453"/>
        <Attr Name="UsedIn" Val="synthesis"/>
        <Attr Name="UsedIn" Val="implementation"/>
        <Attr Name="UsedIn" Val="simulation"/>
      </FileInfo>
    </File>
    <File Path="$PSRCDIR/sources_1/bd/bram/hdl/bram_wrapper.v">
      <FileInfo>
        <Attr Name="AutoDisabled" Val="1"/>
        <Attr Name="ImportPath" Val="$PPRDIR/../../../../../../../../encoderOptimized/encoderOptimized.srcs/sources_1/bd/bram/hdl/bram_wrapper.v"/>
        <Attr Name="ImportTime" Val="1677451208"/>
        <Attr Name="UsedIn" Val="synthesis"/>
        <Attr Name="UsedIn" Val="implementation"/>
        <Attr Name="UsedIn" Val="simulation"/>
      </FileInfo>
    </File>
    <File Path="$PSRCDIR/sources_1/new/FIFOs.sv">
      <FileInfo>
        <Attr Name="AutoDisabled" Val="1"/>
        <Attr Name="ImportPath" Val="$PPRDIR/../../../../../../../../encoderOptimized/encoderOptimized.srcs/sources_1/new/FIFOs.sv"/>
        <Attr Name="ImportTime" Val="1677602077"/>
        <Attr Name="UsedIn" Val="synthesis"/>
        <Attr Name="UsedIn" Val="implementation"/>
        <Attr Name="UsedIn" Val="simulation"/>
      </FileInfo>
    </File>
    <File Path="$PSRCDIR/sources_1/new/connector.sv">
      <FileInfo>
        <Attr Name="AutoDisabled" Val="1"/>
        <Attr Name="ImportPath" Val="$PPRDIR/../../../../../../../../encoderOptimized/encoderOptimized.srcs/sources_1/new/connector.sv"/>
        <Attr Name="ImportTime" Val="1677609678"/>
        <Attr Name="UsedIn" Val="synthesis"/>
        <Attr Name="UsedIn" Val="implementation"/>
        <Attr Name="UsedIn" Val="simulation"/>
      </FileInfo>
    </File>
    <File Path="$PSRCDIR/sources_1/new/ramController.sv">
      <FileInfo>
        <Attr Name="AutoDisabled" Val="1"/>
        <Attr Name="ImportPath" Val="$PPRDIR/../../../../../../../../encoderOptimized/encoderOptimized.srcs/sources_1/new/ramController.sv"/>
        <Attr Name="ImportTime" Val="1677609730"/>
        <Attr Name="UsedIn" Val="synthesis"/>
        <Attr Name="UsedIn" Val="implementation"/>
        <Attr Name="UsedIn" Val="simulation"/>
      </FileInfo>
    </File>
    <File Path="$PSRCDIR/sources_1/new/ramCounter.sv">
      <FileInfo>
        <Attr Name="AutoDisabled" Val="1"/>
        <Attr Name="ImportPath" Val="$PPRDIR/../../../../../../../../encoderOptimized/encoderOptimized.srcs/sources_1/new/ramCounter.sv"/>
        <Attr Name="ImportTime" Val="1677773569"/>
        <Attr Name="UsedIn" Val="synthesis"/>
        <Attr Name="UsedIn" Val="implementation"/>
        <Attr Name="UsedIn" Val="simulation"/>
      </FileInfo>
    </File>
    <File Path="$PSRCDIR/sources_1/new/ramCtrl.sv">
      <FileInfo>
        <Attr Name="AutoDisabled" Val="1"/>
        <Attr Name="ImportPath" Val="$PPRDIR/../../../../../../../../encoderOptimized/encoderOptimized.srcs/sources_1/new/ramCtrl.sv"/>
        <Attr Name="ImportTime" Val="1677639044"/>
        <Attr Name="UsedIn" Val="synthesis"/>
        <Attr Name="UsedIn" Val="implementation"/>
        <Attr Name="UsedIn" Val="simulation"/>
      </FileInfo>
    </File>
    <File Path="$PSRCDIR/sources_1/new/denseConnector.sv">
      <FileInfo>
        <Attr Name="AutoDisabled" Val="1"/>
        <Attr Name="ImportPath" Val="$PPRDIR/../../../../../../../../encoderOptimized/encoderOptimized.srcs/sources_1/new/denseConnector.sv"/>
        <Attr Name="ImportTime" Val="1678240772"/>
        <Attr Name="UsedIn" Val="synthesis"/>
        <Attr Name="UsedIn" Val="implementation"/>
        <Attr Name="UsedIn" Val="simulation"/>
      </FileInfo>
    </File>
    <Config>
      <Option Name="DesignMode" Val="RTL"/>
      <Option Name="TopModule" Val="encoder"/>
    </Config>
  </FileSet>
  <FileSet Name="constrs_in" Type="Constrs" RelSrcDir="$PSRCDIR/constrs_1">
    <Filter Type="Constrs"/>
    <File Path="$PSRCDIR/constrs_1/imports/Downloads/top.xdc">
      <FileInfo>
        <Attr Name="ImportPath" Val="$PPRDIR/../../../../../../../../Downloads/top.xdc"/>
        <Attr Name="ImportTime" Val="1678416451"/>
        <Attr Name="UsedIn" Val="synthesis"/>
        <Attr Name="UsedIn" Val="implementation"/>
      </FileInfo>
    </File>
    <Config>
      <Option Name="ConstrsType" Val="XDC"/>
    </Config>
  </FileSet>
  <FileSet Name="utils" Type="Utils" RelSrcDir="$PSRCDIR/utils_1">
    <Filter Type="Utils"/>
    <Config>
      <Option Name="TopAutoSet" Val="TRUE"/>
    </Config>
  </FileSet>
  <Strategy Version="1" Minor="2">
    <StratHandle Name="Vivado Implementation Defaults" Flow="Vivado Implementation 2020"/>
    <Step Id="init_design"/>
    <Step Id="opt_design"/>
    <Step Id="power_opt_design"/>
    <Step Id="place_design"/>
    <Step Id="post_place_power_opt_design"/>
    <Step Id="phys_opt_design"/>
    <Step Id="route_design"/>
    <Step Id="post_route_phys_opt_design"/>
    <Step Id="write_bitstream"/>
    <Step Id="write_device_image"/>
  </Strategy>
</GenRun>
